<?xml version="1.0" encoding="UTF-8"?>
<project-private xmlns="http://www.netbeans.org/ns/project-private/1">
    <editor-bookmarks xmlns="http://www.netbeans.org/ns/editor-bookmarks/2" lastBookmarkId="0"/>
    <open-files xmlns="http://www.netbeans.org/ns/projectui-open-files/2">
        <group>
            <file>file:/Users/mohamedakthar/NetBeansProjects/Minipro/src/com/pro/mini/DltAdmin.java</file>
            <file>file:/Users/mohamedakthar/NetBeansProjects/Minipro/src/com/pro/mini/backward.png</file>
            <file>file:/Users/mohamedakthar/NetBeansProjects/Minipro/src/com/pro/mini/CourseChoice.java</file>
            <file>file:/Users/mohamedakthar/NetBeansProjects/Minipro/src/com/pro/mini/logout.png</file>
            <file>file:/Users/mohamedakthar/NetBeansProjects/Minipro/src/com/pro/mini/ChoiceCorD.java</file>
            <file>file:/Users/mohamedakthar/NetBeansProjects/Minipro/src/com/pro/mini/add-file.png</file>
            <file>file:/Users/mohamedakthar/NetBeansProjects/Minipro/src/com/pro/mini/DriveManager.java</file>
            <file>file:/Users/mohamedakthar/NetBeansProjects/Minipro/src/com/pro/mini/LecturerLog.java</file>
            <file>file:/Users/mohamedakthar/NetBeansProjects/Minipro/src/com/pro/mini/AdDashboard.java</file>
            <file>file:/Users/mohamedakthar/NetBeansProjects/Minipro/src/com/pro/mini/TimeTblChoice.java</file>
            <file>file:/Users/mohamedakthar/NetBeansProjects/Minipro/src/com/pro/mini/CRemove.java</file>
            <file>file:/Users/mohamedakthar/NetBeansProjects/Minipro/src/com/pro/mini/project-manager.png</file>
            <file>file:/Users/mohamedakthar/NetBeansProjects/Minipro/src/com/pro/mini/LectureFgt.java</file>
            <file>file:/Users/mohamedakthar/NetBeansProjects/Minipro/src/com/pro/mini/speaker.png</file>
            <file>file:/Users/mohamedakthar/NetBeansProjects/Minipro/src/com/pro/mini/ruhuna.png</file>
            <file>file:/Users/mohamedakthar/NetBeansProjects/Minipro/src/com/pro/mini/AdminUser.java</file>
            <file>file:/Users/mohamedakthar/NetBeansProjects/Minipro/src/com/pro/mini/TOfficerFgt.java</file>
            <file>file:/Users/mohamedakthar/NetBeansProjects/Minipro/src/com/pro/mini/NRemove.java</file>
            <file>file:/Users/mohamedakthar/NetBeansProjects/Minipro/src/com/pro/mini/course.png</file>
            <file>file:/Users/mohamedakthar/NetBeansProjects/Minipro/src/com/pro/mini/firstGUI.java</file>
            <file>file:/Users/mohamedakthar/NetBeansProjects/Minipro/src/com/pro/mini/Person.java</file>
            <file>file:/Users/mohamedakthar/NetBeansProjects/Minipro/src/com/pro/mini/bck.jpg</file>
            <file>file:/Users/mohamedakthar/NetBeansProjects/Minipro/src/com/pro/mini/UserAdmin.java</file>
            <file>file:/Users/mohamedakthar/NetBeansProjects/Minipro/src/com/pro/mini/User.java</file>
            <file>file:/Users/mohamedakthar/NetBeansProjects/Minipro/src/com/pro/mini/NoticeCh.java</file>
            <file>file:/Users/mohamedakthar/NetBeansProjects/Minipro/src/com/pro/mini/admin.png</file>
            <file>file:/Users/mohamedakthar/NetBeansProjects/Minipro/src/com/pro/mini/group.png</file>
            <file>file:/Users/mohamedakthar/NetBeansProjects/Minipro/src/com/pro/mini/note.png</file>
            <file>file:/Users/mohamedakthar/NetBeansProjects/Minipro/src/com/pro/mini/UserLecturer.java</file>
            <file>file:/Users/mohamedakthar/NetBeansProjects/Minipro/src/com/pro/mini/UserDlt.java</file>
            <file>file:/Users/mohamedakthar/NetBeansProjects/Minipro/src/com/pro/mini/AddCourse.java</file>
            <file>file:/Users/mohamedakthar/NetBeansProjects/Minipro/src/com/pro/mini/DltOfficer.java</file>
            <file>file:/Users/mohamedakthar/NetBeansProjects/Minipro/src/com/pro/mini/DeleteStudent.java</file>
            <file>file:/Users/mohamedakthar/NetBeansProjects/Minipro/src/com/pro/mini/UserSel.java</file>
            <file>file:/Users/mohamedakthar/NetBeansProjects/Minipro/src/com/pro/mini/AdminNotice.java</file>
            <file>file:/Users/mohamedakthar/NetBeansProjects/Minipro/src/com/pro/mini/Admin.java</file>
            <file>file:/Users/mohamedakthar/NetBeansProjects/Minipro/src/com/pro/mini/DbConnect.java</file>
            <file>file:/Users/mohamedakthar/NetBeansProjects/Minipro/src/com/pro/mini/AdminLog.java</file>
            <file>file:/Users/mohamedakthar/NetBeansProjects/Minipro/src/com/pro/mini/DltLecturer.java</file>
            <file>file:/Users/mohamedakthar/NetBeansProjects/Minipro/src/com/pro/mini/TofficerLog.java</file>
            <file>file:/Users/mohamedakthar/NetBeansProjects/Minipro/src/com/pro/mini/Aaa.java</file>
            <file>file:/Users/mohamedakthar/NetBeansProjects/Minipro/test/com/pro/mini/AddCourseTest.java</file>
            <file>file:/Users/mohamedakthar/NetBeansProjects/Minipro/src/com/pro/mini/update.png</file>
            <file>file:/Users/mohamedakthar/NetBeansProjects/Minipro/src/com/pro/mini/UserStudent.java</file>
            <file>file:/Users/mohamedakthar/NetBeansProjects/Minipro/src/com/pro/mini/login.png</file>
            <file>file:/Users/mohamedakthar/NetBeansProjects/Minipro/src/com/pro/mini/TTableRemove.java</file>
            <file>file:/Users/mohamedakthar/NetBeansProjects/Minipro/src/com/pro/mini/AdminTimeTable.java</file>
            <file>file:/Users/mohamedakthar/NetBeansProjects/Minipro/src/com/pro/mini/table.png</file>
            <file>file:/Users/mohamedakthar/NetBeansProjects/Minipro/src/com/pro/mini/AddTable.java</file>
            <file>file:/Users/mohamedakthar/NetBeansProjects/Minipro/src/com/pro/mini/AddNotice.java</file>
            <file>file:/Users/mohamedakthar/NetBeansProjects/Minipro/src/com/pro/mini/DltStudent.java</file>
            <file>file:/Users/mohamedakthar/NetBeansProjects/Minipro/src/com/pro/mini/StudentFgt.java</file>
            <file>file:/Users/mohamedakthar/NetBeansProjects/Minipro/src/com/pro/mini/logo_copy.png</file>
            <file>file:/Users/mohamedakthar/NetBeansProjects/Minipro/src/com/pro/mini/AdLog.java</file>
            <file>file:/Users/mohamedakthar/NetBeansProjects/Minipro/src/com/pro/mini/dustbin.png</file>
            <file>file:/Users/mohamedakthar/NetBeansProjects/Minipro/src/com/pro/mini/AdminFgt.java</file>
            <file>file:/Users/mohamedakthar/NetBeansProjects/Minipro/src/com/pro/mini/StudentLog.java</file>
            <file>file:/Users/mohamedakthar/NetBeansProjects/Minipro/src/com/pro/mini/UserOfficer.java</file>
        </group>
    </open-files>
</project-private>
