<?xml version="1.0" encoding="UTF-8"?>
<project-private xmlns="http://www.netbeans.org/ns/project-private/1">
    <editor-bookmarks xmlns="http://www.netbeans.org/ns/editor-bookmarks/2" lastBookmarkId="0"/>
    <open-files xmlns="http://www.netbeans.org/ns/projectui-open-files/2">
        <group>
            <file>file:/Users/mohamedakthar/NetBeansProjects/Minipro/src/com/pro/mini/DltAdmin.java</file>
            <file>file:/Users/mohamedakthar/NetBeansProjects/Minipro/src/com/pro/mini/ChoiceCorD.java</file>
            <file>file:/Users/mohamedakthar/NetBeansProjects/Minipro/src/com/pro/mini/UserLecturer.java</file>
            <file>file:/Users/mohamedakthar/NetBeansProjects/Minipro/src/com/pro/mini/UserDlt.java</file>
            <file>file:/Users/mohamedakthar/NetBeansProjects/Minipro/src/com/pro/mini/LecturerLog.java</file>
            <file>file:/Users/mohamedakthar/NetBeansProjects/Minipro/src/com/pro/mini/AdDashboard.java</file>
            <file>file:/Users/mohamedakthar/NetBeansProjects/Minipro/src/com/pro/mini/DltOfficer.java</file>
            <file>file:/Users/mohamedakthar/NetBeansProjects/Minipro/src/com/pro/mini/UserSel.java</file>
            <file>file:/Users/mohamedakthar/NetBeansProjects/Minipro/src/com/pro/mini/AdminNotice.java</file>
            <file>file:/Users/mohamedakthar/NetBeansProjects/Minipro/src/com/pro/mini/Admin.java</file>
            <file>file:/Users/mohamedakthar/NetBeansProjects/Minipro/src/com/pro/mini/AdminLog.java</file>
            <file>file:/Users/mohamedakthar/NetBeansProjects/Minipro/src/com/pro/mini/DltLecturer.java</file>
            <file>file:/Users/mohamedakthar/NetBeansProjects/Minipro/src/com/pro/mini/TofficerLog.java</file>
            <file>file:/Users/mohamedakthar/NetBeansProjects/Minipro/src/com/pro/mini/Aaa.java</file>
            <file>file:/Users/mohamedakthar/NetBeansProjects/Minipro/src/com/pro/mini/UserStudent.java</file>
            <file>file:/Users/mohamedakthar/NetBeansProjects/Minipro/src/com/pro/mini/AdminUser.java</file>
            <file>file:/Users/mohamedakthar/NetBeansProjects/Minipro/src/com/pro/mini/firstGUI.java</file>
            <file>file:/Users/mohamedakthar/NetBeansProjects/Minipro/src/com/pro/mini/AdminTimeTable.java</file>
            <file>file:/Users/mohamedakthar/NetBeansProjects/Minipro/src/com/pro/mini/Person.java</file>
            <file>file:/Users/mohamedakthar/NetBeansProjects/Minipro/src/com/pro/mini/UserAdmin.java</file>
            <file>file:/Users/mohamedakthar/NetBeansProjects/Minipro/src/com/pro/mini/DltStudent.java</file>
            <file>file:/Users/mohamedakthar/NetBeansProjects/Minipro/src/com/pro/mini/AdLog.java</file>
            <file>file:/Users/mohamedakthar/NetBeansProjects/Minipro/src/com/pro/mini/User.java</file>
            <file>file:/Users/mohamedakthar/NetBeansProjects/Minipro/src/com/pro/mini/StudentLog.java</file>
            <file>file:/Users/mohamedakthar/NetBeansProjects/Minipro/src/com/pro/mini/UserOfficer.java</file>
        </group>
    </open-files>
</project-private>
